,ra,dec,rec_arcsec,n_sersic,mueff_av,axrat,g_r,r_i,weight,is_red,inside_gama
0,149.20384939643304,-1.7671230637397066,3.27735942395708,0.9736718430806366,25.27096101747369,0.7838674665922929,0.5669883041315267,0.3825173815700191,2.2696871448192764,True,False
1,148.94705020147302,-1.894997060139752,4.257045282819116,0.6090411343558862,26.09216061264388,0.4201635308573996,0.7392153407643958,0.3807168535332666,3.668821464959007,True,False
2,148.45133030940696,-1.7697309398579693,3.847914768915873,1.4452708118369346,24.26575310340755,0.9716915320775028,0.5050158507151626,0.29112297845088225,1.2573221805726678,False,False
3,148.15145759423697,-1.9436832405997384,4.0227184840383305,1.0578681995298305,24.5453888361938,0.5744345867970045,0.34703062256723805,0.15318346971151536,1.25705621449219,False,False
4,150.13940442713292,-1.6974156614366909,3.2071088411264377,1.6072609298667686,24.168033351877828,0.9033183877185345,0.307756218138386,0.22785826277418464,1.4284990834594529,False,False
5,149.87568450057992,-1.7841033238448407,5.568110919174954,1.8141966988805664,24.443030834069592,0.9204397935279588,0.3989543369859392,0.1812231815290096,1.3999010224939443,False,False
6,152.05505968445647,-1.6711582488403411,3.707933798722408,1.5019120752114277,24.02780934929297,0.7160916833926949,0.39296883448053294,0.19485426517357504,1.9128009058377704,False,False
7,151.64867670308792,-1.6849573011927357,4.064208657913949,1.4538579108265814,24.86129775719559,1.0,0.3979489599245332,0.16790937181226592,1.485787364315412,False,False
8,151.64490829940374,-1.6579796932507145,3.665143636919436,1.9413076478612403,24.557352971231648,0.7309215378346103,0.5460603743562704,0.2485597809230305,1.297547933314147,False,False
9,151.57390830165784,-2.091872375025567,4.289197367889652,1.1716959433187806,24.05779853590352,0.6651584133149807,0.5228776719647911,0.2401842902128045,1.7097781114562673,True,False
10,151.50824133650974,-2.067400835852509,3.8789892118997313,0.9385139507686632,25.474699185953487,0.5654779396863927,0.7462873235559171,-inf,2.073345255776528,True,False
11,151.32339155736074,-1.8822104557851884,3.8373190452798513,0.6112911829118712,24.20655227646857,0.7200019383998629,0.3491785834658816,0.12972782667118762,1.2726774051455159,False,False
12,154.16288606078572,-1.6614078746097167,3.2686763241026355,1.0891546828671743,24.64465062834525,0.8570223949484121,0.2917591247089169,0.10305971303358116,1.558369969873477,False,False
13,153.98283491103462,-1.8678864952665173,3.0470273452640573,1.4034162461423092,24.34860767189237,0.6948510695148747,0.31439155148240755,0.1758383189113782,1.999617884224725,False,False
14,128.6313781620147,-0.9301632397483852,3.6103261311247032,1.3522812968289553,24.355597110423627,0.7422799206056994,0.3445546613185716,0.1952225878178121,1.2583063900668852,False,False
15,130.18234547877591,-1.3541942045040274,3.013919255264768,2.1518874787338693,24.184426972702546,0.5958536542987041,0.4363726587127536,0.18047332882045225,2.1666914151823953,False,True
16,129.88546428528,-0.9028954902566017,3.8684282218322767,0.9666211462629548,25.692701460089737,0.5820647899652264,0.555286902570155,-0.020669619738784683,2.443696160513188,True,True
17,131.93796673155776,-0.3683687634711956,6.3659116648159335,0.8539871881259459,26.08152151497014,0.493689222399271,0.7033044782987947,0.2989517340126817,3.883476147709398,True,True
18,133.5496286120783,-0.1658870528110983,3.448890427454772,1.0348473926579291,24.14129128763402,0.9509839499947604,0.4846164565760379,0.25145148388750405,1.3719223263798848,True,True
19,132.58954512606002,-1.3312511732771348,3.1570110977012367,1.2922220315690804,24.466490359314605,0.7561594987736234,0.40702527664848986,0.21031696883196974,1.6170011979008168,False,True
20,134.99800679878894,-1.1631646600853025,3.747901981432191,1.1224274418301576,24.301739429079994,0.8415301314997901,0.4292337761313936,0.18769755358322954,1.2240559477692912,False,True
21,134.46070585445858,-0.2231551984592777,3.0674964458263565,0.8993649263989837,25.56699263219346,0.6629010361942851,0.5444386158922954,0.29344118071564285,4.114002942017163,True,True
22,136.02960622416757,-1.1654351878238278,4.994146237522521,1.3231477559203226,24.15594709817255,0.6771497254464924,0.3750230098666659,0.14520145900910678,1.4152554720204118,False,True
23,135.7721976327946,-0.5417659040500173,3.633549950937433,1.120015284102597,24.0763723979587,0.4726094169955365,0.4015307727622911,-0.016369544135659355,1.528630602186065,False,True
24,135.54854005367312,-1.0402299668782375,5.851734245380952,1.6169188913450734,24.339221642012525,0.4862247418481941,0.2640602390399942,0.03204240306463318,1.3510187141877676,False,True
25,139.59286517949855,-1.502179926321194,3.094272910944853,1.0894164093562977,23.95399315739057,0.7718141702979402,0.4064599888264437,0.19313154107252847,4.514047013465617,False,True
26,139.58300679298102,-0.4201838115094581,3.3352704455417164,0.8609565241107523,24.139250159512137,0.7340219684334831,0.4449627082712399,0.2247214291438628,1.3629749987335116,False,True
27,141.1627805504373,-0.6563824165560977,5.655867174994768,0.4004211197071386,24.326684621738554,0.836096857619614,0.3834788672345291,0.15663887718601666,1.3785848024909593,True,False
28,140.70381062241734,-1.1599811643951143,3.6061056161657903,0.868214650145983,25.841340185297266,0.6444106796954749,0.7441704179620895,0.93414176223545,2.680359691998072,True,True
29,140.58428215198572,-0.5161099530482756,3.9059795117408567,0.6575168335594642,24.87026822614655,0.8370734416904659,0.30911086125597026,0.12427463870656424,1.538657652973359,False,True
30,142.56481529135436,-0.09653799252113772,3.5722548336813045,1.7985353980582588,24.857825800139732,0.7858131546811409,0.6848295980435264,0.3172339635461338,1.5816152967559518,True,False
31,142.001419162176,-0.7082175476795639,4.259865861367689,0.9682740981040528,24.391724888822907,0.7209465444386031,0.3523225623843449,0.19323162181030445,1.239271611965988,False,False
32,141.4021834655165,-0.3699706203748289,6.281021749379938,2.120384013166162,24.68674280048252,0.8130360114939357,0.34908182895100065,0.14933588082857638,1.5725647912119285,False,False
33,144.01732531232543,-0.8376552518268027,4.161983499697728,0.6279767236134881,24.66230804404568,1.0,0.3024877103510546,0.10049788828101616,1.287459416209543,False,False
34,143.47101439594567,-0.7218537313059362,4.874482744918062,2.1677057412637426,24.44781720686181,0.7658770652134822,0.4065555657306003,0.1652699298760531,1.2977236183533416,False,False
35,145.7272302949367,-0.4888860405511493,2.9345478790634627,0.8618198382064653,24.24148123402287,0.8434375480411472,0.5505200068153748,0.2730033614741466,2.7435508784028735,True,False
36,144.7918678655039,-0.17305496600897638,3.473172151338828,0.7945102311406029,24.81316096238341,0.4929603592648182,0.5785269056494184,0.07506674167890459,1.574852082681884,True,False
37,144.46819299400948,-1.1361858292130471,3.524195878366989,0.4072913776386945,24.595324717860326,0.5892966790666794,0.2609425433817324,0.0792647763731822,1.3575899619108522,False,False
38,147.26620890449422,-1.2845978618488756,5.5385329659598375,0.8264368534495,25.749440328405704,0.6678507387030419,0.35700465245028457,0.1355344094193534,2.450596390779259,False,False
39,146.7273614335305,-0.8326234441599367,3.4556906324173795,1.0930828230398657,24.095847460820657,0.8233396507481191,0.4493003929509653,0.2434834520299143,1.4537855826909087,False,False
40,146.70011212225583,-0.6908663499534323,3.6436851178525753,1.4782916393534018,24.692337886883806,0.8212338229863715,0.32680267613973696,0.18244186166028034,1.3807513603976578,False,False
41,146.45501811793616,-0.5472874443217333,8.478250023467389,0.556421568890116,24.995155841783557,0.7094447865613471,0.4001527480909527,0.1298288773427178,1.9502096129340276,True,False
42,146.22565018942916,-1.0723707452543914,3.2637609494950546,1.2799212194426006,24.315394223862533,0.6157720106082024,0.3522023078236303,0.14252162106510086,1.3956475599571943,False,False
43,146.05100071811648,-0.5265988034748739,4.702630278017672,1.506791677043115,24.939251595399536,1.0,0.3685222061769817,0.13135942668100695,1.6597109393026066,False,False
44,145.96638478525557,-1.326813478793801,3.373017814823895,0.8622793833913592,24.65108857643831,0.42686094809460295,0.07351046859392338,-0.10889046718605022,1.476843436802444,False,False
45,148.65611647109174,-1.3413166552852358,3.2944048731406217,0.9893342948177908,25.833888954047538,0.7447305994739901,0.6343064793443756,0.2488434259250659,3.6090913537406073,True,False
46,148.03767586495294,-1.1353971871542028,4.532689572919144,2.3917373434269376,25.56607223749105,0.3936920649382021,0.5542249192074933,0.29482109742260143,2.305382399113501,False,False
47,149.79305594614803,-0.29649995517650635,3.0625113440211766,0.7358262471978351,24.059288323904727,0.502774684819129,0.2931810097163761,0.083932552030793,2.224441796230928,False,False
48,149.6328968676796,-1.3139378490758495,4.295533362588022,1.0879093089709255,24.37293272359274,0.7862546686542891,0.5902966211666258,0.19607978158547107,1.2500486055430151,True,False
49,149.7029991891449,-0.4799149783829025,3.1112359961399503,0.9938023258377904,24.29730730812997,0.7026332844748013,0.3071421434568781,0.15486199861103225,1.7044807542127884,False,False
50,149.51755844325288,-1.3609767296535422,6.562794382309704,1.3128575601402732,24.08882508555459,0.6290697547463595,0.4681938922808133,0.2418989081420064,1.7313967561477008,False,False
51,149.02622175799743,-0.4607027499796244,3.2332245672051267,0.8202930065038321,25.79919145202146,0.6197211038766219,0.2489697670801567,0.13779108054070033,3.7712502712989933,False,False
52,151.52872034935262,-1.2107001044234371,6.678569612992308,1.3692592875154643,24.66448897913189,1.0,0.4812579701684226,0.2262903642174755,1.601906347816988,False,False
53,151.24167216640905,-0.7599252258416896,3.4137961562867236,0.8629855525234105,23.973462706537603,0.7707767328253962,0.3845205774057575,0.15754698641316306,2.690684654715702,False,False
54,150.54123349313195,-0.19435156452666466,2.9900637352046187,0.2854244723460751,25.313327075737227,0.3492338561578582,0.645706545536583,0.10315119905760968,3.7300652554391682,True,False
55,150.36285289653338,-0.14722448331589116,3.1180008333250497,0.8530037490316172,24.08249143584768,1.0,0.3667625481010133,0.20637860688996973,1.7131252880460888,False,False
56,150.4132627328626,-0.11896370319671865,4.19429083963813,0.8668299280225901,25.398333907175807,1.0,0.54942650852904,0.3023709969884725,1.9053332062836985,True,False
57,153.36100449621256,-0.04925827083616693,3.628987135466392,0.8300001988638858,23.94300616948393,1.0,0.33512247409619084,0.16087706843612662,3.99879525792608,False,False
58,152.74516192547182,-0.3422194770929175,2.995536043002883,0.4390274634035385,25.3576290649688,0.8708475599811749,0.35685681490214033,0.1125953196038642,4.003158768632301,False,False
59,152.82447832050428,-0.21560824851951066,3.754554205179177,1.207563361938397,24.69125737118463,0.8342039131290123,0.37613231990078905,0.16332905895025362,1.3646393540360395,False,False
60,152.26685292073225,-0.32141970844764634,3.7596021609024057,1.4134343387332828,24.289477384553546,0.4282437773446831,0.3341835596877317,0.17439966082288125,1.231518760103119,False,False
61,151.80074208435624,-0.8964726347760715,4.816011765350654,1.1921056633481828,24.162637132681688,0.8824499710177711,0.372788349148298,0.19965126966585608,1.4525333452558677,False,False
62,154.40453569301314,-0.2743668172114066,4.703886598717153,1.3066357862659932,24.973895561110226,0.8158232558951237,0.5988946219786222,0.29822224398062513,1.692691047476663,True,False
63,154.19817792327066,-0.8773464457519606,3.4070368150001364,0.7138391845765726,24.892805923117386,0.7704280248136366,0.3566989712470866,0.1696370107967375,1.738009730001676,False,False
64,154.2502798674954,-0.7996037588253897,3.5562869478576022,1.2058060629998897,24.418093612647066,0.4855069878941342,0.3270164838182899,0.15504298302363076,1.299014336774836,False,False
65,153.65744631434342,-0.36784923515548795,3.3015265681689665,0.6695168933051211,25.351955208912937,0.6181758479021127,0.6544113589314626,0.2923251620478815,2.5363719857083313,True,False
66,153.45637139221208,-0.9908243519033588,6.083270172619402,0.6407168181588428,24.948760107905173,0.4794328945684964,0.5623961523501462,0.2791583164765139,1.7180504337256732,True,False
67,153.40930128196658,-1.0462838692874823,3.1524443967393863,1.367858724297044,24.2691515185727,0.9034421938243168,0.6946056409631739,0.34100228452710235,1.5580204487065745,True,False
68,153.3047806391951,-0.7618870617690667,4.163293724385105,0.8897767798541012,24.91278471917252,0.4963327825680938,0.3324660646108337,0.15448326669602855,1.525027680829779,False,False
69,153.3371672689384,-0.7434362476658125,4.045557919247328,0.8080891699836116,25.81318275458411,0.6576172267966351,0.25945037052790515,0.0247371720449263,2.6675231469428873,False,False
70,153.23728617880596,-0.450695303782289,5.235757991831561,1.3146493409180435,24.842640398756647,0.8447911686471647,0.36898406984129994,0.13554390894325793,1.5583973979246721,False,False
71,129.19999202193114,1.3569111697447866,4.01814441592348,0.7780707843673268,24.564939189438338,0.7982079955505923,0.4290790185350733,0.1467295114748612,1.2635219688361692,False,True
72,130.85154590004038,1.3257778020703272,3.4597739876110536,1.3561226036608751,25.636493699267746,0.4143442667603253,0.3627796245315399,0.17541397672953685,2.5820123491350953,False,True
73,130.31542828708072,0.5601161291389329,3.346942948540665,0.4848553978859068,24.25095728943597,0.9375959193530352,0.5415979635035518,0.2693104396209848,1.3409391552376975,True,True
74,132.43839017071838,1.2431429471326134,3.1816590382244687,1.145986367087479,24.88307697742589,1.0,0.38199420261730177,0.20467865944476754,1.9606392788877505,False,True
75,131.91077123675942,1.1878128127056535,3.1778085341476427,1.1671729493830922,24.63644722354569,1.0,0.481644560070872,0.20929032738911368,1.6890127172640348,False,True
76,131.77728272361048,1.32877219073751,3.2370344655540197,0.777852292470904,26.037520056872353,0.6074578705657048,0.6048429989787506,0.3596382173148741,4.921151704205202,True,True
77,133.36375609621678,0.6792634766548231,3.2707675271521737,0.6956353334100412,24.598100462652926,0.4954063861287479,0.2858991080303517,0.032491675339578814,1.5426045411566176,False,True
78,133.40053311210644,1.0283308012451715,3.0183857290521248,0.8164752832502158,23.980495300172077,0.7926035636854487,0.4458144203320509,0.2270025395150917,4.81593770246644,True,True
79,132.77460484544852,0.7194997110218573,3.038225873204681,0.6917485099917505,24.810022509891052,0.7747230783918333,0.326959260345959,0.13908152805497753,2.722339666573709,False,True
80,132.53809719859672,0.8197571850117117,3.4436106484940834,1.9422683178121736,24.07290932468635,0.5250466422692025,0.7651562794411875,0.7600371829484107,1.540420428527986,True,True
81,132.65294771698953,1.1689916237512403,3.017965937621569,0.7819417655374755,25.259637711938325,0.7899414609715544,0.2800883679110623,0.15249060260604455,3.2341097576658626,False,True
82,132.67558074662665,1.362779779902131,3.6339064641110133,1.2013220664388535,24.32177152924477,0.7787180344970712,0.4406156417237733,0.1901072414314499,1.2422967478069962,False,True
83,134.61004861277632,0.006041430476568375,2.9384471387685083,0.6482494118295009,24.780626672859512,0.807878397716127,0.3333277072302928,0.14708351771231615,3.897571646220693,False,True
84,134.63598652213534,0.6250461569841204,4.610094036547954,0.8263514673263708,24.450404143540855,0.1911113281550615,0.3317345220219321,0.1285498088224774,1.2700300299862768,False,True
85,136.4999123507605,0.7351740997528574,3.2103243482467545,1.3810698761287754,24.858528031484752,0.8497997664391576,0.4057827117205015,0.15432466951761747,1.821845435788195,False,True
86,136.35916527425022,-0.001608545041575693,2.9715854653138085,0.9794633882320808,24.238278106909572,0.620126545473342,0.3876849650530448,0.16806422974960494,2.429735615650593,False,True
87,136.31414793865855,0.12302243981220602,3.0010956059890406,0.9112338205276644,24.20016343309891,0.5440606603147544,0.3917869615924471,0.25982079333813096,2.2403763236866427,False,True
88,138.29417815283657,0.19370811765040252,6.376620596201706,1.0434773661912569,24.137613916400948,0.5530476224773453,0.38726339016315386,0.11889520315019025,1.5412535985182914,False,True
89,142.80853450115168,0.07242650372317849,3.9986525002303166,0.9193263991835896,24.340752534710035,1.0,0.4451247336141975,0.15532938266418825,1.2474491116727628,False,False
90,143.55682778121772,0.22632250770158205,5.796373558636046,0.351417048794709,25.20650247345752,0.6066656096488521,0.588185759735871,0.20861495388987225,1.996123086039002,True,False
91,143.29063464558791,-0.001941167471685896,3.0462028324713226,0.7700272799344291,25.748326190986123,0.9169616515049388,0.3347234681015228,0.2124676122831851,4.988641808271312,False,False
92,143.00217731239832,0.06251175591749393,4.251072945714639,0.7078875864797379,23.99360157306037,0.5541906133851582,0.3494853734684055,0.0971570936640352,2.7538855397660815,False,False
93,145.8242143851269,0.4413128830368793,2.994430060697992,0.7327625823423278,25.705745148174163,0.8278842591994017,0.6445805307144803,0.31628560922500915,5.662339674404231,True,False
94,145.59353195928972,0.03974478946977483,4.339988870694579,0.6605324832670764,25.524860949229264,0.6746356795469806,0.504644085117786,0.21592303357046452,2.1794194313248356,True,False
95,145.46942585222425,0.4777514456174833,6.539945169806125,1.0373148282824844,25.063389648030963,0.8879288064722716,0.7643829787568208,0.3137249129206897,1.7899854465846423,True,False
96,145.45085242175915,0.0010858342916613927,3.9361056785890765,0.7226356159489554,24.16385429288933,0.7427005237976543,0.3490265281723772,0.1528268543525529,1.3000704720425242,False,False
97,145.28457295645362,0.278863486239222,3.696875755193314,0.8807206892684725,24.990525586353268,0.7651990154037288,0.5062820111490332,0.1852101418696152,1.5792306008841688,True,False
98,145.2616029517459,1.2667035449513884,3.732882984479631,0.644359354540657,24.862260211140214,0.8293197709371979,0.5862582843143883,0.24466151689446825,1.5549506977680214,True,False
99,147.44601338150665,1.553042447430287,3.6749221728529733,1.5757543756983192,24.402136866599413,0.6334488397704827,0.4222881517680787,0.2314320107052525,1.2635430778623151,False,False
100,147.19922885028103,0.21189027043959047,3.9421901433408695,1.6904394585271003,24.872991532568324,0.9038539928066078,0.3492099336165556,0.20261520992763624,1.5292974300884237,False,False
101,147.29144277681587,1.0872990115906889,2.919469817185797,0.7331277730461924,25.66847676282537,0.7983840556420208,0.5960596837581793,0.1091493136988706,7.0237493393308315,True,False
102,146.83603209914727,-0.02572296623449445,3.969721708676973,1.0970500778647303,23.998693617211114,0.8372742984106255,0.5152468730543728,0.1963784494166969,2.2927129816765492,True,False
103,146.73792108560085,0.5022776909181861,3.940115569462405,1.271951405722369,24.381004557450762,0.6567202545502873,0.6243865976618724,0.2472975148710503,1.2194245346010861,True,False
104,146.53461837914767,0.7050204476283113,3.6866272971144016,1.3571087207630148,24.03750007502341,0.6668808017790762,0.815523879956386,0.3632427136464445,1.825910003938495,True,False
105,146.2099371782864,0.14408902905015936,5.02089331512965,0.6902324521100001,24.444442039865194,0.603726928099783,0.5299977738768612,0.2283631516861026,1.317715885262349,True,False
106,146.14711325408658,1.0128813886529051,5.402233428386353,2.264887129555353,25.230111526796108,0.9355451326021892,0.6902321209078942,0.32354115340104217,1.7931473057340126,True,False
107,145.97412596915487,0.5128371661589283,3.4848759305235024,1.05053072544165,24.14675359939301,0.7552147304263869,0.7435391636664794,0.3681962548313519,1.366686844691446,True,False
108,145.8662683029687,1.0031898019146412,3.2485850757919024,0.8205022783477041,25.306606596775108,0.580895635236546,0.4807243660786754,0.2167428129087972,2.4074391849845496,True,False
109,148.01884426755163,0.9413699260749558,3.3430716218770384,0.9700877461787736,24.513552256226568,0.5452196084950096,0.5667926509980208,0.2246481584066899,1.4245176790123726,True,False
110,147.94160344518676,1.13884796875982,4.0572661500662885,1.0835797607653532,25.099437335042616,0.3783556346334832,0.460916876419025,0.13538489883437105,1.5092464745625336,False,False
111,147.73319386287054,0.1086175497589787,3.9962037902258563,1.120814091742699,24.075829427032733,0.7145007748650289,0.4662224312261552,0.15442663462744793,1.3824459910028364,False,False
112,147.86304403900337,1.1721199233815585,3.057443757661952,0.9426270652013128,25.342764113629023,0.8223478564606465,0.6617951964187162,0.2492840996338663,3.3581741215325422,True,False
113,147.52746552898893,0.6647263657373071,3.69758880061465,0.7070798290953821,24.763614348818717,0.7956144674826121,0.5320447241817148,0.2247729361832096,1.4196232329714287,True,False
114,147.5126900135113,1.4271002572180391,3.0804406949219545,0.8616761716502442,24.22840749640332,0.695477232994058,0.2797475084995956,0.11567286569296525,1.8185393728991455,False,False
115,147.47968109226758,-0.014672079068539682,5.389474130864395,0.8510742799256794,24.10510045796033,0.5669000821069803,0.35607075847945746,0.11248099226365764,1.5738209381808819,False,False
116,147.39732921024066,0.9632491977248092,3.4779313260463462,1.0742187083681642,24.12724164659895,0.6278647562349966,0.4763625849774408,0.1891992481070379,1.3992917665559717,False,False
117,150.12432271248414,1.376832969918134,3.003189123385083,1.0139481450574042,24.421230256766762,0.8389187160277809,0.3558695093061994,0.2422511979089404,2.2717736821350187,False,False
118,149.8768152270416,1.2074042683866424,3.057312876070684,1.1343456198860076,26.144388874219988,1.0,0.7061226578140831,0.20640567622095904,7.583438693790002,True,False
119,149.63253552047442,0.054526300758624704,3.1961895712410198,0.6729511446771818,24.1985700959234,0.5752753556790244,0.06378281681344825,-0.055014422378900925,1.4378237414299353,False,False
120,149.00030010136157,0.4115393013734806,3.1362033369467883,1.1095426861371818,24.05108724413009,0.807988381030791,0.4986948622411666,0.2609532808503978,1.9149253554339192,True,False
121,149.0777581328563,1.002966114477017,6.084914721630279,1.3791234201306242,24.3055851088958,0.8251183362545446,0.424558066687546,0.18809368501546947,1.3368777189352057,False,False
122,151.72619638015362,0.1863018330911745,3.9179974614358737,0.8580602504342566,24.573372230028035,0.7191754744555455,0.2496801709337783,0.0969764853481076,1.2751940233385466,False,False
123,151.42552376638506,0.4765887623206927,6.874823340227578,0.9462647601730908,25.73134468699874,0.8059648828109405,0.5270943177754129,0.29425893649281243,2.5673047075266884,True,False
124,151.49939679064215,1.0223920391525354,5.789586272566233,1.1811799801695646,25.66826772449639,0.9075284786113362,0.3850020462389078,0.16023330216703696,2.3373838225015806,False,False
125,151.34538451448938,0.5119542651908054,3.783357275218581,1.370681034542807,24.525654228047234,0.5989640213296514,0.4265163087660509,0.22575199348308256,1.2810330072262357,False,False
126,151.20540495932366,0.556065902497353,2.9351038739341964,0.8110785741416344,24.691234835410746,0.6955425049675029,0.5626752960986716,0.2941115507510573,3.514578181479118,True,False
127,151.15066115516532,0.3151049788177317,3.5859753139152617,1.1849217134166297,24.377544602240715,0.9771208633555508,0.4114034189511339,0.22381641092410087,1.2731385260085717,False,False
128,150.77146780935934,-0.0909602147569535,3.4208229065042413,1.1369289661228532,24.241341343912786,0.9065622751577777,0.3835108546032964,0.1910096372432248,1.3054002155359428,False,False
129,150.61083801993402,0.6884475282339362,3.199573362966276,1.2786453570942091,23.978937770033674,0.5622883637948239,0.5945874902997136,0.2990024100974458,2.447242959041732,True,False
130,152.87620929153925,0.05906025362132079,3.2218343692025018,0.9054864917099258,24.45019339401213,0.7309169045767844,0.4832235330746448,0.2067719196798272,1.4615356657436882,True,False
131,152.7806324991883,0.4746009925821427,3.0975839193566386,1.004894423352807,24.59141036854263,0.6305644475410717,0.5519455464174651,0.2805591814333014,1.9969546840217185,True,False
132,152.79994439598678,0.4895206345585036,4.92043390731315,1.1250766854291956,26.131212336013647,0.5407644230275563,0.5444548184866363,0.25772460083299903,3.647291745812193,True,False
133,151.91639130108783,0.6154141774584262,3.2388904935895497,1.1240176751459354,25.548834986373638,0.4305119694595536,0.6800574854336354,0.2979715323589009,2.995187735054496,True,False
134,154.65621756109854,0.07530820956265212,4.030268933478375,1.0968529834670464,24.12964169456159,0.8231202036152769,0.41854466026512427,0.20402602040463197,1.3329693936888087,False,False
135,154.53408655644063,0.09047862015713648,2.9458780066417587,0.6207242766908366,25.401353569499026,0.7332080885594024,0.65692411890032,0.3955213355042265,5.209198158298259,True,False
136,153.86453978749975,0.8331373149933714,3.2420288722525585,0.9578006757938408,25.17912976042487,0.6138238176058348,0.978296682772312,1.0927675902095686,2.0111430112008297,True,False
137,153.33262164495738,0.001492874472678119,3.3742807501373586,1.0577707587274068,24.278190160758356,0.6738862586698955,0.29070561931897543,0.189271681642815,1.331462990357275,False,False
138,153.38845164835692,0.5807375253576058,4.733636463800028,1.053220062756606,24.133671149280467,0.5851468809733588,0.3889739778354601,0.15925690646700014,1.473333680819802,False,False
139,154.75346347910875,0.3271807702156437,3.2394982633629783,1.1092392832746785,24.34630105792389,0.5795534260750739,0.34271418357870465,0.20558747589838566,1.4146055350518294,False,False
140,129.9394459821355,1.8569064361665668,4.270522896034007,0.8496252929264916,24.66550826422687,0.7689676531350752,0.3994444283721722,0.17221020958774344,1.297594999697528,False,True
141,129.39668574938023,1.756628071298779,5.003585609748342,0.7410032497166633,25.537575087920533,0.8759635139466289,0.627315208325347,0.2776081877658967,2.1066628178383846,True,True
142,130.8127582632002,1.4098619101511638,3.6358537248875633,0.8242777587459515,23.970247033114426,0.8501762815677776,0.4205380168666516,0.2322304269673081,2.995391018344636,False,True
143,132.74374200474531,1.4116372878723118,3.3629983182643586,0.9212594094056112,24.436611632193603,0.6002919393402497,0.4846219437001582,0.20213822624742275,1.3803382351425075,True,True
144,131.82025131466827,1.6224601170506812,4.852233247567963,1.6289241715528535,25.20005807123589,0.5220960526231436,0.239018211282322,-0.04411178380647947,1.8211961172396753,False,True
145,131.91967711109137,2.5007656800943523,3.7788463750887407,1.09230797774988,25.56401750557752,0.6858379122639723,0.5040965336557653,0.3339195471829982,2.3030820498680153,True,True
146,131.74083352612192,1.7312843378244116,4.695835733687886,1.4047508633257242,24.08862339683072,1.0,0.3920733691125248,0.20182171087908035,1.4919751856831778,False,True
147,133.76643189532638,1.7086362940155555,3.127695893556214,0.5911451584055679,24.233213928043558,0.7881296592410965,0.3122537478860615,0.18534624173867764,1.6376370229273456,False,True
148,135.3529115909806,1.5522667902189171,3.5921329528543184,1.8595388160738329,24.396718706194946,0.8069714583025173,0.5168823263191253,0.25509238345758595,1.2779019533158051,False,True
149,135.3909782006317,2.3372186039096343,4.485399943453438,1.009498352744028,25.104956010278894,0.9801225417852384,0.26971296194904504,0.04433978247159725,1.6842197288076584,False,True
150,137.33914700087186,1.8279624541594857,3.5564916067029277,0.9909468048195702,24.469162641348266,0.8885584624582582,0.3869348873810317,0.21820629543370074,1.3069437198702234,False,True
151,137.14667896060743,2.537698925616572,2.932542198419956,0.6738915969904701,23.98236401054903,0.5505598838390164,0.5231247652147524,0.23986183037457875,5.483422376549899,True,True
152,138.46864238354908,2.7391443877995254,4.765275852868982,1.051012460259302,24.05456318526917,0.4445095145477949,0.44988665327090094,0.15939610827169942,1.7552042510288943,False,True
153,149.33937001131716,1.705353809312895,3.074236596992052,0.8135939078230324,25.783142825958123,0.731012459556633,0.6453752421757409,0.2592836098532455,4.792159452233489,True,False
154,148.51941087351278,1.5403633208561491,5.786414808552827,0.6335965636062846,24.64582810877798,0.6285762015105122,0.527888184234947,0.2402700255167141,1.451196946946969,True,False
155,148.56340490783168,2.537798938223255,3.5059424278977365,1.3896490794157499,24.041853106744195,1.0,0.4724061877614306,0.2125487273555412,1.7831120757722045,False,False
156,148.6429080897997,2.5432589344159315,5.004276103251348,1.3022249909835886,24.84809090218757,0.7017764170981434,0.4221335509136239,0.20984132758913784,1.6075883198655816,False,False
157,148.35670000131213,1.6810405704518452,5.9202658977327065,0.7767971696506227,26.51742538927509,0.5706821032413354,0.7489405660935282,0.29546877881940553,8.017453651022509,True,False
158,150.63685334189722,2.3320928561327547,4.074972906578815,1.5979402007037722,25.037279658103405,0.8019559284559314,0.5214349227516929,0.3370836691382921,1.5403249458353865,False,False
159,149.90276548562989,2.2784109134125834,3.0955919400016785,0.8583563141289104,24.37742000247816,0.4169779330664095,0.4789821489083835,0.240791935785183,1.7864864359729191,True,False
160,149.7749023730221,2.29951616027087,3.017116781793604,0.92332909455788,24.01773432714917,0.8512021845396809,0.5101854627970881,0.2760789010828963,3.5876950916018013,True,False
161,151.9985819086611,2.0997083320186265,4.356056825343524,1.0489721948863846,24.184324083248768,0.9388803756561412,0.40197992859027226,0.23884627272648995,1.3497504006703027,False,False
162,151.63822812025506,2.6916760388990704,4.082296991523597,0.8330058460310944,24.36740853681437,0.6634441453776883,0.39709650165372,0.16425915927940074,1.2401192351446804,False,False
163,151.35049442713802,2.8401169423385064,3.179409420023533,0.9298616809673302,24.55599429731736,0.9704269171150224,0.4608890452838311,0.2148525235645324,1.6362775581109883,True,False
164,151.04814055499574,2.4774450876108274,3.873823729563899,1.1648662229783917,25.75478721861984,0.7017934805798407,0.4557530805327606,0.12279719920295926,2.4344681507633212,False,False
165,151.03582987129175,2.8129926122993223,4.598451063844956,1.0260026427854705,24.125055847285967,0.941318582812962,0.41885591595348615,0.18130231453948686,1.4917711772504623,False,False
166,134.5497866765753,3.2717477476215007,4.4673774252321365,1.0111875621420328,25.224242365951447,0.6803419462386062,0.6095607999461361,0.23244024018201745,1.7487801408460624,True,False
167,135.40068315351556,3.7287234043526696,3.685924570766933,0.9111030037270258,24.362400988084325,0.8772085769233579,0.7054893249486816,0.2759678174941715,1.2475073228477092,True,False
168,135.01914548131148,3.3547731119098727,5.8610364839904525,1.7844657654874794,24.53879399484912,0.9992502465387221,0.6748720272803541,0.25164519307787114,1.4260159254578797,True,False
169,134.9392746468773,3.4184807111049724,3.3153597372590324,0.7205548962466477,24.678997457302607,0.7409391269555152,0.3882774265738728,0.17299590927078273,1.5299812018591405,False,False
170,137.05859443294187,3.331764438832304,3.883975387179506,0.7390645691887191,24.77987009906534,0.5447388927415528,0.6129404329420649,0.20824814828418828,1.383156719494804,True,False
171,138.0022014074701,4.272012916004774,6.1231168043062665,1.0461950649983849,24.02328163770688,0.7495999977246457,0.37182247793029066,0.09427210764741004,2.4496651927431916,False,False
172,140.67155150058238,3.138417931698752,4.26273461216219,0.965674568190412,25.628360185160236,0.9106826808127044,0.5798097200585326,0.24126281969382665,2.37725152318894,True,False
173,140.6142734156129,3.0856027524224925,3.9057249715090654,1.1294178083223982,24.942251442867203,0.4601971341713391,0.5848048593328434,0.2498545109042705,1.5883327218037915,True,False
174,150.3112133452333,3.5290995720939664,3.117431999231345,0.7429182261654316,23.98593557108833,1.0,0.38954411194187216,0.1987336805043725,3.107219392696929,False,False
175,150.09308095109023,3.6689337325947284,3.556479883192086,0.6309605100854193,25.97124327677201,0.5950212574051915,0.3725213167096525,0.1451060956961459,3.457664263607882,False,False
176,149.51162883744655,3.4307010669692266,4.254029176702264,1.3310824902360618,24.088908389607692,0.8374479553218008,0.4324872023986079,0.2076382976347178,1.4489947327618145,False,False
177,151.5577613095141,2.9450557690084658,3.2408859277588444,1.1745585220494699,24.50242246799389,0.8344886350493771,0.6797470169588578,0.32517285017738684,1.4907977076206864,True,False
178,140.42769494348906,4.6051153891362375,3.3247850043098417,0.6091628113414749,24.015194538457322,0.3537657312863285,0.2932391937643566,0.15794879753874205,2.0000819160048113,False,False
179,141.22505909510167,4.543244887818505,3.1687545773377974,1.0476805506962097,23.954142984395453,0.9046973899116492,0.5795424816707794,0.24643482674514464,3.3124345631876557,True,False
180,177.35032135088147,-1.8891670847862565,3.0992131322915,0.8203426216890198,25.70493739153323,0.6695913887782698,0.5630301843463635,0.2301070527892493,4.449190028759858,True,True
181,176.36875555295498,-1.7828368194030602,3.873340808609645,0.9713956947504142,25.280381253281078,0.5313795318796335,0.6668308768429478,0.22304464064965146,1.963074881195736,True,True
182,176.19505174380978,-1.6214432342076923,4.027403298801163,0.7726481596051198,24.31020703813447,0.768141718070375,0.7063358305984384,0.3250928974744375,1.263808231224171,True,True
183,180.63331325757838,-1.6222549599182725,3.239169610361532,1.004501369901179,24.48450562570016,0.6923624105222925,0.5834693852560633,-0.02608895419569397,1.4769690497667949,True,True
184,179.75546361454465,-1.8056572672537368,3.4471118607413085,0.7984945455241691,24.865406334526988,0.8301409145706581,0.6233127332961389,0.27863503872132106,1.667264168439387,True,True
185,179.63345583489914,-1.8578548166705504,3.9120962018694985,0.8785602793881122,25.15409293156244,0.5431488555431143,0.5753121800752974,0.2718684295689481,1.6547911839268588,True,True
186,179.53008098453853,-2.382129607933205,5.33734981995269,0.8820903761124647,25.141229508513646,0.9467020879788022,0.6137520330158618,0.35992188741347125,1.871675244182237,True,True
187,179.46926305528748,-2.0928318796410266,3.3472593797982286,0.9174242326567534,24.786097220834993,0.7182740280328639,0.6209837706250251,0.28146323834412684,1.6127971131745242,True,True
188,179.46338582285716,-2.0762620153354843,3.7498441385395793,1.227419447955452,25.33770950621945,0.8062205080132662,0.6612040082035913,0.3173503019742488,1.9955482705030694,True,True
189,179.22207727515666,-1.7824745852276498,3.2187197615657985,0.8622404139637062,24.785928355406213,0.7543401024009279,0.5330266302625762,0.30251468310556623,1.695481170751418,True,True
190,189.2090298074203,-1.791968656428066,3.1747386470566648,1.3186894439622256,24.29505734369512,0.8350593182841226,0.3750031128459907,0.17339433166801113,1.4969530293284594,False,False
191,190.81484349034832,-1.7062451727689996,4.4786384154551655,0.7285907212857768,24.864672528031964,0.8105305498729418,0.4557929227303586,0.18729862358633484,1.41455756358646,True,False
192,192.41970030707733,-1.7988029416675255,2.9829752136177583,0.5996881448107737,24.159294955132214,1.0,0.25146275596428186,0.11161774144977972,2.3823847986712963,False,False
193,191.82274150516463,-1.720459321325431,6.645438898745248,0.7792928457452799,25.408083853635894,0.5863565087352127,0.5595307100125254,0.21040935008843026,2.0731389378805862,True,False
194,191.9000209635168,-1.6509354860088743,3.1597176283312183,0.875050933438877,25.173325596495875,0.6636219838669276,0.4914074043843295,0.1468810742006933,2.2240536045211234,True,False
195,191.42169668722656,-1.3938128624692048,2.950427071238308,1.067929249207873,24.46279421878787,0.8027875802211933,0.3829455395111621,0.20993046891292988,2.755287660152667,False,False
196,209.6960391555121,-1.9203720944973,3.2162843077231984,1.1448907250791034,24.10511101815814,0.7404408828542094,0.3459199417075592,0.12376042974241767,1.433051139616952,False,False
197,211.84846453126744,-1.5866702074343024,4.793603697079932,0.5364488157719869,25.9585941617658,0.9999999564750944,0.5729260412144389,0.2475552855300125,2.7475073289273064,True,True
198,212.33783027945216,-1.8828386167415616,5.3909235452417885,0.6615228429476959,24.18101926559023,0.7843284842790066,0.5528151120702371,0.2502599551179263,1.4669187433502744,True,True
199,212.43187294535585,-1.8588189300576687,4.623515976883964,1.1574202406911391,24.38641345329666,0.5859814258015585,0.36231657111335297,0.1529676682159906,1.2580898414707355,False,True
200,213.9533465480732,-1.6059664020513489,3.60765710151558,0.6792999734996903,23.97976568410594,0.7153978159730268,0.30227721468474555,0.1391572445797803,2.8028747311259137,False,True
201,215.9284370246877,-1.6831670151050666,3.3691614941201364,1.2850112723706988,24.125270825423947,0.5123149913500055,0.3162940232538256,0.2467617678212237,1.3904089358654572,False,True
202,215.30546727488468,-1.9229622783718088,4.079100485995569,1.4982406909851644,24.67516881265973,0.6104190449712812,0.2601986018262561,0.14225934585899225,1.288152357752199,False,True
203,217.0499497454072,-1.6047741763156,3.0904471978563652,1.0714086534233689,24.436178561970273,0.8509108662612571,0.39040917509042544,0.2334482029699443,1.8303589484876872,False,True
204,216.6745369641552,-1.8561000724430248,2.983414029859166,0.9584338615376355,23.99376011605679,0.6937115483212365,0.3346840727062594,0.240560077283698,4.960262806161006,False,True
205,218.63290397854976,-1.9232901114994327,3.3511377021728284,1.26067987552358,24.21149894596652,0.6393784958471962,0.3596555706634111,0.20434965868197064,1.3439610087407685,False,True
206,218.49036476692456,-1.6094031353753575,3.1711666856163285,0.7745366115841412,25.04666793574924,0.8264511785952242,0.2477502116248716,0.07057180375446417,1.970926601689763,False,True
207,221.94929718843414,-1.7399935602988046,3.9120275498202464,0.906754372859415,24.135074886189642,0.6456666825030046,0.3656668376875195,0.18353261054560585,1.3024021491269557,False,True
208,175.36447926889076,-0.44176815418103377,2.9399715907989856,1.0922185638639823,24.729987351311358,0.6164959924097732,0.2623662315968116,0.060509116938989235,3.5676326641244924,False,True
209,174.72207229119812,-1.4805567687181695,3.1418323057976685,1.2182285956052836,24.46347419714108,0.8042163104975901,0.2382789646967313,0.10923982417362726,1.6632166636159909,False,True
210,174.6257942170062,-1.5478465434451831,3.006773447426252,0.910875631404944,25.30111714215087,0.6942002548962098,0.3650226806402957,0.1544901127658465,3.5100761076109515,False,True
211,174.6691510377572,-1.0383305617798255,5.097656802055286,1.3217815309115235,24.643169452675945,0.7021446556961566,0.33311211482636904,0.0940230601330595,1.4155464685957526,False,True
212,176.85135209198086,-0.6876893709910991,3.0488753327051588,1.1908016504534464,24.332377199993488,0.7040809389580538,0.3674646587297651,0.23897126377682434,1.9845276640031067,False,True
213,176.17769314177886,-0.9715495354752892,3.302067440732732,2.3219199620570885,24.39123984807893,0.8136986203848269,0.6343587826724748,0.33693639830177746,1.3922329072192987,False,True
214,176.1405549187402,-0.8668908509134012,8.006936569838945,1.1862932158586017,24.38680776558462,0.4764854512857056,0.3438550565720733,0.11543933189236175,1.495860741452445,False,True
215,175.60603003718208,-0.6493378870577542,4.700441490577403,0.8479635438465452,24.044971422030372,0.6492820360625635,0.2698201076646418,0.09198286795994244,1.8803251760781106,False,True
216,178.2755867157794,-1.199927500793782,3.060905569406038,0.8324170964522339,24.923572828162175,0.7913078037875444,0.34336261115390765,0.21579322185508554,2.6063464003579386,False,True
217,179.79210009057334,-0.5307594769949399,3.4505659441509184,0.999257537839909,24.258228695992926,0.6644471934858562,0.560159906664258,0.2484106058418242,1.2913444443727067,True,True
218,179.5827135046694,-1.127614747179905,4.557483463462089,1.0168226203396171,24.322897662984506,0.7741419548259536,0.4357219301155183,0.17198806009780832,1.255881890896856,False,True
219,179.3737276031496,-1.268114562424056,5.603233770235208,0.6708806391333849,25.0292043175498,0.6953744075860777,0.5231647535186947,0.28330795185282265,1.7721552753241838,True,True
220,179.53620037548862,-0.7374294166346724,7.319774202277666,0.5192282311095388,25.580000089371467,0.8756988274192194,0.49042800433736,0.284294528259344,2.6507051723640322,True,True
221,178.65662532664757,-1.1093546546909665,4.125499569998418,1.1451491876754518,24.106280916368995,0.799927866988361,0.3483959045753054,0.22264958376536087,1.3815841632677044,False,True
222,178.4796638062088,-0.7604352033198638,3.1216648093224983,0.5910978651547605,24.479741203527194,0.7489423461179666,0.297015329353988,0.09685894753334807,1.7524447652525792,False,True
223,180.55320423812114,-0.1966798554990902,3.0526261771028382,1.101144398667994,24.054711600249252,1.0,0.5961139118580756,0.3111920084274931,2.3559947578955147,True,True
224,180.63025172135283,-0.11463642851540724,3.4707617154463386,1.7681227377499469,24.22821696882413,1.0,0.5993002158633983,0.3035349061909347,1.2834368858427248,True,True
225,180.35267324742247,-1.076783675163512,3.0263138994550034,0.6240904794112286,25.583997553720284,0.9833785784176474,0.4742152668815625,0.14855785926064732,4.573738176684086,True,True
226,180.2477163101545,-1.4473754597560593,3.003777597185366,0.7238651847724581,24.417460579249955,0.6661167059649918,0.5621834598838473,0.2211277918993264,2.262958895146246,True,True
227,180.20740571622318,-1.0649981914454758,3.4909618121233863,0.7492684885326059,25.43071438327904,0.7918336516830912,0.5707776192460232,0.20884189331681888,2.2518109780941864,True,True
228,179.9315073612055,-0.7727414350791088,6.569543851104634,0.6430564199005451,24.54546532597337,0.5116302162085251,0.2402615651288133,0.0616535559902518,1.4763471413133669,False,True
229,184.52917626662654,-0.6283286802807588,3.4728796951634795,0.7705473851336313,23.822992647035733,0.7677203480389178,0.32688704614395964,0.2266588590148272,13.33021723704458,False,True
230,183.7296964340683,-0.15434613836207786,3.9063571301825775,1.1106121445725388,24.57953647168272,0.8636397295175489,0.2767737328415245,0.17691420150967307,1.2772452317152794,False,True
231,185.71788211523037,-0.0951304683445124,3.3864881979119983,0.6777711770774842,24.013880435624646,0.21995768000290672,0.2749249601748258,0.10139852273270347,2.029076383278423,False,True
232,184.8874220828706,-1.3601282237164247,3.1309925373976126,0.35030217264799496,24.876658257991995,0.6777534774311231,0.1773194630360691,0.0759626901844758,2.2260192559542515,False,True
233,184.8758063662255,-0.22118210811366906,3.926563518897404,1.1524356339263089,24.316250010880257,0.7543783307571439,0.3996572605789681,0.21557222820509275,1.2468144306429043,False,True
234,187.26056202235657,-0.9999387446022068,3.3162315709262566,0.6738967122500044,24.052365444675857,0.5218783766382222,0.5072841466331675,0.25827665977788106,1.6638453518956386,True,False
235,187.1463190005512,-0.250439023751212,3.9899610219176,1.3778798269125996,24.00060807178503,0.5139323549460105,0.3295714994880941,0.15022692344305194,2.2657171406358647,False,False
236,186.9718482746381,-0.9276845861851536,3.02073935508583,0.8613538082275646,24.000781997955734,0.8897689357763482,0.4336513118743429,0.2855677315606325,4.209815774307894,False,False
237,188.72424425526887,-0.28661512604991496,4.834714644615006,0.8932449056041504,25.424120047299844,0.686941179873916,0.4944216830939485,0.2393482858308185,1.8714130897868226,True,False
238,187.97729765330047,-0.9680186524730112,4.493213326383466,0.8396810191741195,24.30938430502657,0.7339610142139514,0.3244505392104603,0.1357227531248188,1.2508043549518753,False,False
239,187.7287772006807,-0.9970748734898224,3.8069706005372117,1.3199631719801008,24.32994365663418,0.9045199789259049,0.5279772918000614,0.2871129598228654,1.2209023790437188,True,False
240,190.2113586623481,-1.0950241636814368,6.128188406217282,0.6365362304468326,25.51956702943157,0.6779229506734323,0.5880445252455226,0.23535323152234905,2.172986494539383,True,False
241,189.70510718065844,-0.5977469852191738,5.745981585786395,0.8550682840140477,24.51860949596489,0.8047192362413219,0.4441578085960558,0.19320545782394968,1.414430216102556,False,False
242,189.472734915714,-0.6010496922236654,4.200691310792784,0.7480641586642359,24.476820800862804,0.5629035627526993,0.5622422061782651,0.26294767730089663,1.2443694174935802,True,False
243,188.86115306488384,-0.5207570874927134,2.9939815672091714,1.1575304950460057,23.96664575499861,0.6265275673146617,0.43906642463315854,0.2845362109826399,5.113420276898349,False,False
244,191.6371333717807,-1.2935727268509238,3.9644758191563767,0.575778735609026,25.997152553970103,0.7513119050795722,0.4549670877358163,0.19830253441164505,3.5550957120981868,True,False
245,191.72131281602086,-0.15421413269882622,3.935817501574452,0.8329122740157824,24.16094844203959,0.6678553240007801,0.5489433410877372,0.24991276955701994,1.300696581392344,True,False
246,191.55413050091042,-0.10156268788841227,4.089150059945051,1.0785424168266091,24.318789309431338,1.0,0.3516737525671849,0.17558819958421873,1.2634411703253474,False,False
247,191.38901526144107,-0.30567725826779074,5.4812396735730875,1.3264110346042883,25.71495005246284,0.7716809419756447,0.5772726333974657,0.1557018923129568,2.3905190763789883,True,False
248,191.19227783612087,-0.4286775814997047,6.620320877680048,0.8179997252415823,24.29287124911647,0.6698989402344538,0.34921136414922005,0.05751000975232463,1.4301664682648945,False,False
249,191.1376388708997,-0.10431232232880827,3.424879690221299,0.9149396878148579,25.453723038841602,1.0,0.6452689310785408,0.34913669585105844,2.4420208620520003,True,False
250,190.7235716847657,-0.5697197056035331,3.707300545875058,1.0247353920869409,24.632786833765355,0.8065948649958911,0.3130206183596849,0.13599513008208886,1.3308840928536556,False,False
251,190.4427070914593,-0.8219625222371382,3.8016210249560918,0.6591781603972046,24.21227201944993,0.5421084431734112,0.3976744493651092,0.15406139737014846,1.2652034432904078,False,False
252,192.8324918244248,-1.1555723459421492,4.890143532995952,1.5827736889696216,24.902064770454718,1.0,0.3754733532126158,0.2363950173716816,1.6655937262601759,False,False
253,192.39926909726108,-0.7015916206113587,5.179674311710243,0.7492620594844768,26.10764865260785,0.7509421369602349,0.5932858516378979,0.20836788529698413,3.4262711276520674,True,False
254,192.23910557755318,-0.7823538622751096,9.41248455827628,0.9002551429401361,25.08091497670422,0.4478842297813991,0.5690502945310758,0.2464077189220339,2.4049850524320817,True,False
255,192.0326728297932,-0.4576770420328686,3.785935025740556,0.6894222541317241,24.83837314245892,0.6968876289722337,0.5629666074468576,0.2276882829508145,1.516679637339799,True,False
256,191.8468209901476,-1.4046105547732737,9.326539677445846,0.5526102918561416,25.342879510678745,0.6973051131846679,0.5634749391675791,0.27302724841106796,2.724166820620587,True,False
257,194.14892172984986,-0.5282340945584256,9.771553752443511,0.4663572656125666,24.410344881124097,0.6811151284861219,0.30350319131152165,,1.9308779689842799,False,False
258,194.0106199130047,-0.518642922079558,3.5798161928487144,0.9660393081960869,24.082062470791712,1.0,0.6648254315652246,,1.5014876651803746,True,False
259,193.50508971124592,0.035050012111308065,2.9421860681723686,0.8042838464107476,24.213493474967322,0.7698957892531995,0.14650497055612788,0.07585495970811493,2.687394568855538,False,False
260,199.8039139629197,-0.12694522934219668,3.272704338666029,1.0995683669619314,24.519179857958626,0.8407965190191546,0.3855984967246189,,1.480607021551494,False,False
261,199.6774091690633,-1.1179627190643708,3.7354324565760213,0.9897692620881644,25.809302490077897,0.4140653244274381,0.6751234312465817,0.14580878429814415,2.5192904946480903,True,False
262,209.37008968380002,-0.8185441293787423,3.223563752282826,0.7697064429339657,24.364548094237357,0.6907641287036324,0.3170039269268326,0.1572182433279336,1.426967857904432,False,False
263,209.4294980022213,-0.4067882754516932,3.418456953181936,1.0271676206740197,24.06122428350743,0.8646715096534288,0.4106464081048559,0.19942273588950332,1.6154276649764825,False,False
264,209.09956437344368,-0.13073890003228936,3.3005701540918326,1.0308503590287517,24.838758089991888,0.4549667126528193,0.3506050859485732,0.19317942242295646,1.7217994221907718,False,False
265,208.51507399754055,-0.8452008899684001,6.011356435529184,1.078197346216948,24.308902581532806,0.5933676579724936,0.3676173246946297,0.1722436464625169,1.3339857912068458,False,False
266,208.1396082723458,-1.4784352089044823,4.453659422803809,1.4404101117630197,24.312205635315532,0.3991172885141492,0.34869467145203736,0.21043121104592846,1.2470282085331017,False,False
267,208.05183707945926,-0.8384139277006679,3.575686851893962,1.4599105325942319,24.471791310745825,0.7995660726476557,0.35012997664736256,0.21212884282370306,1.299992289493343,False,False
268,210.62750437043223,-1.4294377253815336,3.0088896453384995,0.9751059611435144,24.82917008673707,0.9776420740132779,0.5363155943231208,0.2344481228232988,3.1263225437765785,True,False
269,210.0859240953517,-1.4394269364725796,3.2283220075570047,0.796998799229262,24.489913404207602,0.8141439222016373,0.6310835923139264,0.2863769536372189,1.4898240761072346,True,False
270,211.17484706576286,-1.3743190298992132,5.332980595896906,0.6440162149689469,24.94099388524719,0.5628406597949565,0.3246361331269268,0.12360145178913053,1.6348828395780384,False,False
271,211.123353693334,-1.2456305000592311,3.3479091368733096,1.2658440781436986,24.22395007741459,1.0,0.3397227171386801,0.18129595293163767,1.3438875163195128,False,False
272,211.0598022697924,-1.226125455136398,5.764204942350628,0.8344497870210479,25.45053460404461,0.5409047812002897,0.5954812237935272,0.3357481464942396,1.9663592488998647,True,False
273,211.01963169607217,-0.7983924996467522,3.3879396524315646,0.6154272799677072,24.065765986364823,0.5227187650594873,0.2797154589130948,0.12573720345269862,1.5795514071236803,False,False
274,213.74240157147926,-0.7533235866773249,4.552700168398761,1.6640937412896473,24.75623037887718,0.7900740024071892,0.3709554926594249,0.1801931972564995,1.3436551396797152,False,True
275,212.71085147985343,-0.4571774721818385,3.6480360450353615,0.5566298417960105,24.214457356085425,0.5275835020449079,0.28036948196389105,0.08427887399842393,1.2570474522307598,False,True
276,212.56935134965926,-0.5703590992581136,4.244764692912776,0.5901772350821096,25.80668944281835,0.2655504805643766,0.4989926415018906,0.2172068069346491,2.6173891832098866,True,True
277,212.54648017415542,-0.5086835824352945,3.2375032331885665,1.0636899967105204,24.43766368477829,0.5442093544014267,0.3100419559983369,0.11385192910614572,1.4399649675353907,False,True
278,215.0206843732016,-0.4357550068713729,4.655175822393239,0.8768056051262486,25.11660091774378,0.6692111618849594,0.2194163115660919,0.09274868552231416,1.7406348291041116,False,True
279,214.06859833769315,-0.7719486378821371,3.18315106451421,1.0463491872763322,24.23421401251656,0.6098210062026109,0.3854872286453676,0.1833104769103887,1.4672106540214704,False,True
280,216.5245953713588,-0.8832860834918966,3.2120395030359368,1.3917508849191549,24.69528901084669,0.5221816144594928,0.4937051327946595,0.24848361562323906,1.6242044038472927,False,True
281,215.67126953065258,-0.2936080946599967,4.936165625402257,0.6422218969029989,24.059544310208963,0.9125050740752692,0.3730088228390691,0.18642566891356646,1.7149374474011978,False,True
282,215.5085722557708,-0.8451096048197018,3.2278595426352683,0.6273813972483977,23.972363958283626,0.5735170630316061,0.29532827287130325,0.18116925404854745,2.5656133123632094,False,True
283,218.2828689788441,-0.4075472955961435,6.2018822368506035,1.4272704772280964,24.179525963093337,0.4928727408275802,0.3748016377564933,0.16632800152711175,1.4220010056183285,False,True
284,217.36228795586484,-0.13677979854989072,4.579273372105949,0.6910957178087317,24.028206181326947,0.6492875246405191,0.3275959994426519,0.1716237566847276,2.1498739965773837,False,True
285,219.68939306505416,-0.7057054964872607,2.996463354285526,1.1731034342590396,24.549573602912158,0.7848919703458512,0.4044403862445133,0.2311368799810835,2.547516248400725,False,True
286,219.50558784590268,-1.4637678412862736,5.271884733803963,1.1815489486997923,24.1640543487438,0.8239190247952112,0.4246182388413628,0.2316469328034083,1.4524201084802826,False,True
287,219.48217037192958,-1.2042056297050867,3.1588007630364023,0.5958428488333539,24.14111785178105,0.6724862169804384,0.4357260304482133,0.2484846969326891,1.554418973045655,True,True
288,219.07956474812232,-1.4009030505178102,6.236143039217758,1.8806430983464888,25.221387961555845,1.0,0.3951177077012413,0.20146467230797688,2.0318212969530096,False,True
289,219.0482237606201,-1.181407504998322,2.98480931216998,0.9594891395307252,24.046277707452397,0.6042146719361271,0.5230341197745367,0.2782661510819077,3.1811299677204565,True,True
290,221.12159635001203,-0.11847916967646968,3.4513692805114937,0.8835431784858416,24.42491846387177,0.9936453262450692,0.3223050591059905,0.15031641409128998,1.3413924131514001,False,True
291,220.4287796784448,-0.6575496843310873,3.228310515534236,0.8922962439986274,24.68561237021017,0.7808800799001783,0.4987546957641147,0.2492917047381633,1.606301490915289,True,True
292,220.3194723050239,-0.5927885200053447,3.1718562556982266,1.1515383652338191,24.62098633975636,0.9892978492047876,0.3373751580377479,0.2214031601796045,1.7041399914614455,False,True
293,220.19270330832248,-0.734678256647657,3.1467277584979194,1.1010736993403258,24.169207251866933,0.8038030465896093,0.3221507023213095,0.21730329018963546,1.587169800412029,False,True
294,219.9292090775156,-0.2771015626624516,3.234535881594748,0.9968739884952544,25.455215453064586,0.7728520453011534,0.4958888617976678,0.2096510805323752,2.893277263857974,True,True
295,222.31368025503585,-0.7016123394281957,6.793194186902375,0.2858982305057614,25.794642221268287,0.4732608415709471,0.6783749930796792,0.2868023130497553,2.5389077593060345,True,True
296,222.1156436594851,-0.9575066539611868,4.547950764738356,1.2751874266323744,24.05200549858756,0.8110180936372648,0.4671613921058954,0.1980934199153924,1.8213404700821665,False,True
297,221.90511426183886,-0.4620057065151166,3.3850479482813265,0.8211789412016668,24.567686734538626,0.7821959576199315,0.3522276584156271,0.13450220364117055,1.4372135791071445,False,True
298,221.67780506072938,-0.17496146719877026,2.944469546827962,0.5529577690505885,25.95086886151643,0.5393302663207706,0.5736328796135067,0.3009053902721589,8.790511405348795,True,True
299,223.9867432413252,-1.4501729660922429,2.9351865682986653,0.8579355167547976,25.61470232605981,0.6455481916040136,0.5795826057071963,-0.2489912632717475,6.387000350294716,True,False
300,223.15533867153388,-0.5295496821712449,4.328759741322109,1.1465594071679173,24.20652936161725,0.6990920450699531,0.39634771234454974,0.2307856326297625,1.317939861044149,False,True
301,222.9920628906301,-0.2401604207149124,4.057941887653204,1.5717815024532813,24.21023274395147,1.0,0.3659743609587427,0.18212544184305726,1.325200880096412,False,True
302,225.0091994660863,-0.8062960195041116,3.4161393973477443,1.6579580693594569,24.807690033262357,0.8646489718104993,0.463704189271897,0.2094439219997176,1.6007311341895523,False,False
303,224.72629788835025,-1.0127738880001176,5.153875066069288,0.9520253430237712,25.29264477347301,0.4671647087239186,0.5526501503603336,0.189694000257096,1.757179065288701,True,False
304,173.8128271177561,1.1853269239544075,2.9301842371668463,0.5678040681656663,24.49714098793365,0.5459091593204178,0.3914668015785601,0.20513382606545075,3.0436377791938716,False,False
305,173.2609874350457,0.6388794555609122,3.281714808358321,0.9406729825464044,24.184696959864386,0.6610838200953616,0.3852700756151595,0.18374209239718692,1.3842809551241329,False,False
306,173.1987960702274,0.8049946759738833,3.9186831336904087,0.7695932982837485,25.082219601766592,0.6388228937484808,0.5099666577173,0.28375316511796445,1.4893529385764022,True,False
307,173.14327898728027,0.9938364439473724,3.674558367664925,0.8084834792653498,25.22912734531827,0.7987147501112637,0.5116195142093314,,1.9308081530158283,True,False
308,172.86849123818456,0.6400857452215475,3.5452299360254003,0.6887782731762313,24.37080664490684,0.6081703314023637,0.34566479033749103,,1.2857143204205814,False,False
309,172.95459969044362,0.8659209239261978,3.6545287787012257,0.7604473182789242,24.200792484347467,1.0,0.5461171112113002,,1.2744739454682177,True,False
310,174.70194759657682,0.3011153966214549,3.111584463515108,1.1179240266528259,23.961120234747767,0.7649903149252637,0.2476917338370908,0.10450657733321628,4.045563448439573,False,True
311,174.00868737082726,0.9151348801457662,4.427591403235751,1.4547541941864932,24.683286040090213,0.5862951657212571,0.436893022903712,0.2123526173594712,1.3150919458598744,False,True
312,176.0254137285551,0.7078821184962285,3.1074709869271504,1.1429377493676594,24.0626283235213,0.5599553774323932,0.4663376467884206,0.2654253489546892,1.9362953138999848,False,True
313,175.76898067311933,-0.0039879418510786815,3.192999072241498,1.2055051409615891,25.22479309365873,0.609303344288917,0.3684142403209983,0.11319416250512265,2.2134443472882133,False,True
314,175.52453640187255,0.3528662046985845,3.5306106590347404,0.6964653860488431,24.3351964212042,0.5985591147659077,0.4857444612266617,0.20775634482280533,1.277960882301861,True,True
315,178.25996623243103,0.0060632240355837285,3.30155060372084,0.8746094904687726,24.11024445277051,0.4905616790481351,0.3483451194967895,0.17057099995566374,1.4090348657572316,False,True
316,178.05763495267098,0.07024776510732296,3.044687267768708,0.9495798790915112,25.895113562464786,0.6070520309181773,0.6483413932419155,0.2984505390404129,6.180337117640333,True,True
317,179.7829189858353,0.7693070994206919,3.061595449343616,0.913380495083056,25.41264791942825,0.7491540546800226,0.6635967731121833,0.179849257974955,3.8779293514656623,True,True
318,179.03495225478585,0.9035927932303937,3.3122603637641137,1.1978189993610049,24.365557111055995,0.6786396970981505,0.3681341205652195,0.19105835523968773,1.3778564547079912,False,True
319,178.96167220084962,0.08155640567901047,3.0737680679673702,0.6332450395149781,24.295197148594042,0.5506711946269689,0.3471705126849101,0.11269422183751042,1.8552701742361204,False,True
320,181.3629914773019,1.0565521811270946,3.897600469980302,1.244381640633206,24.00150357171277,0.4473993338797807,0.5832299367161047,0.2593454467242907,2.2034509338712467,True,True
321,181.27857227119256,1.5529893429174166,3.007203305222194,0.9567709996458218,24.85194547526107,0.7933553734857142,0.585950932134832,0.2797154496468852,3.1511932799476132,True,True
322,181.18539163218827,1.0710108347535603,4.8087265921596165,0.982296778165817,25.05088270348657,0.8044968334558665,0.5873544653406679,0.2919489725508509,1.7488067029686303,True,True
323,181.032684211224,1.3215420932988935,4.171807016822148,0.7644602848653608,24.72779488235616,0.5499452963717042,0.4765046971615735,0.19965607210326186,1.3005559976458687,True,True
324,180.6487310090496,1.2160956314568778,4.32285650394914,0.8981875856948961,24.584987087712822,0.4295056155793584,0.6084979522659972,0.2918414449599285,1.3069295776023144,True,True
325,180.77078496329307,1.2757445080868846,3.7222193221967017,0.765096365591986,25.982251088958073,1.0,0.5690219110374668,0.1981716080120514,3.4367493563687592,True,True
326,180.65139652843703,1.3826591555045868,3.928003277904744,0.7106476521887214,24.225896312913488,1.0,0.4363587729192957,0.20264060590016286,1.2843029852146224,True,True
327,180.27692490617557,0.2428430199199857,4.192119393533726,1.1801144748381218,24.29415064219584,0.706997481816505,0.3318689168140879,0.1543043416213354,1.2665227505841974,False,True
328,180.2406194182837,0.08186975097948107,3.8611181791787885,0.7407510815001155,26.46657031002516,0.5380521757313206,0.4295842785269243,0.18811019584524152,7.866661612583031,True,True
329,180.16746259287663,0.5636351624322197,4.2270327984889065,1.3091713584367175,24.351810912378035,0.6411564555214256,0.2934640683569457,0.13302875649194867,1.2560123799479213,False,True
330,180.0721512347773,0.5619938665696899,3.958813869991995,1.5493711665333336,24.51275590098012,0.4694416262005884,0.3832442883858845,0.22247375207046627,1.251756404551932,False,True
331,182.77434000018602,0.9267256813629692,4.686305548775887,1.3388534187295853,24.436005002933488,0.8396987951790975,0.6632588423869711,0.3263793931193024,1.2707228827152395,True,True
332,182.81555360230632,1.0632437502685417,4.9405918778623,1.018618394618475,24.55172160212317,0.6878808408708408,0.6065575038153578,0.25849277562919376,1.3521237505490267,True,True
333,182.63868973661425,0.6592379321710421,4.296155026381239,0.8741315246790361,24.488970367167553,0.8126579415873905,0.6463018597532204,0.3109852303762759,1.2578117517610845,True,True
334,182.50007088731581,0.6573176865321609,3.1136855663306537,1.058119138810657,25.385048683136144,0.76440759519959,0.5958957263053565,0.2723096699452015,3.2528582115749045,True,True
335,182.39389477716045,0.9644259517519784,3.848672542561143,1.4950396429022823,25.19002237231945,0.6332354010193543,0.3538802670712623,0.2092006165753197,1.7634788632320224,False,True
336,182.26466053633808,0.6809934123623332,3.179782708881727,0.8998705791283347,24.34164447413071,0.5704274017323676,0.4398930113010161,0.2012746756274628,1.4918017506834194,False,True
337,182.02935018966454,0.867882959932348,7.137953589646835,0.6581770598544973,25.56546686923029,0.7970893124796253,0.16782174919284906,0.09016158047405884,2.5822217548598503,False,True
338,181.93248296051647,1.1720814619295783,4.493052666136277,1.0345912061226694,24.567081709008146,0.875586645636983,0.6052395861013562,0.3018473696919629,1.3163536309049855,True,True
339,181.77002198116932,1.1868736676073564,3.1929785042084915,0.6311107230207189,24.15800774167925,0.4946574357392393,0.2705267872310437,0.11875000902713055,1.4528807659255187,False,True
340,181.73675240782958,1.0878703205311715,3.755435249438702,0.9083769566268914,24.36458002953239,0.5713669186442447,0.5528400082930647,0.3263550391569721,1.236335130448892,True,True
341,181.69393959245616,1.1341392153675367,3.366990767707648,1.7798624295321532,24.041212391360197,0.7034160907497767,0.5615920733390313,0.2467271401414471,1.7608820470187923,False,True
342,184.1283042636536,0.2515171439159343,3.1293327347591826,0.5914033884531301,24.22926342690017,0.8972089559679471,0.4546476624494306,0.26921344608620923,1.632853449187676,True,True
343,183.52268216445128,0.28849842191491976,3.4732822300613653,0.8970665580895463,24.31614067230359,0.8641339051344022,0.2725690636904869,0.13562547529975014,1.2922508981790508,False,True
344,183.4797098519189,1.1804172055424194,4.785098347374143,0.7552429625118159,25.080086746256608,0.5905338716576063,0.5963333553645708,0.1961061483590912,1.7587562708446292,True,True
345,183.42948684488,1.249894198411188,3.4032681591063625,0.8983265220497206,24.25283282724199,0.7537784658826037,0.3386592794836409,0.19240080497196085,1.3132004086755518,False,True
346,183.40247501771657,0.6911290835545665,4.910941612359413,1.3120353861840859,24.397338144888806,0.7113749045629417,0.3248532234584855,0.11384618648506645,1.2886567608919044,False,True
347,183.37552451051872,1.1967828986512634,6.8811823817220175,0.8718234608834668,25.865722946326017,0.5104912269301549,0.382305911677775,0.23182699535293386,2.7686410427288486,False,True
348,183.37912295933282,1.428398687755962,5.109839468659428,0.4995358053212677,24.06597205414609,0.6326093464980167,0.14745956503919516,0.060371319121443015,1.676737437327884,False,True
349,183.1824227352637,0.9819074466300364,9.131781791030658,0.8615319593471806,24.606744214362546,0.9651679804432316,0.5610007315762775,0.2652655429434895,1.6533336790437196,True,True
350,183.19464366925513,1.118068925459543,4.726943960460479,0.7472507904693987,25.77445500117681,0.5893937155451229,0.5236029065900241,0.2174100242551272,2.437618240809697,True,True
351,185.75406128722267,0.3776806638954421,3.1511664551526786,1.053862084636361,24.66286468378629,0.6428639577623534,0.3387895482289326,0.17011868267141694,1.796756601679909,False,True
352,185.47164562143644,1.2035562718232269,4.527664565706054,0.5575760634056414,25.43437486855236,0.7886744188648278,0.2059906413414739,0.08322218594812145,1.9316447063951072,False,True
353,185.26044807663212,0.006043198354067429,4.094674032647531,0.8693798557593542,24.147891211781868,0.3956249952804096,0.2584933672338405,0.12170123589492216,1.3567519564301704,False,True
354,184.5590376913235,0.1091592696133886,3.7816797491813983,0.8236552931225454,24.489263476226512,0.4734386962226566,0.12224302245259265,0.023494205931142258,1.27507301197577,False,True
355,184.37933551277425,0.5257701517278979,7.655721386924036,0.7234360258941451,25.323375454008584,0.7810209377232034,0.1652060902206427,0.10473268840263532,2.110759718414853,False,True
356,186.02188059265643,-0.09046201998248392,3.8862027779686152,1.1370168289564702,24.286778024006942,0.8723129064126478,0.3675674068677728,0.20460371215009732,1.2538650718293847,False,False
357,186.01812991509152,1.176014631510572,3.484845345762277,0.9677701234750457,24.152854900054894,0.7028515769122416,0.37903758686913136,0.14950323313750166,1.356565196777078,False,False
358,188.32399755460324,0.7394812241395059,3.668149310675977,0.3866408307972893,25.558639896666804,0.6268496432755424,0.5882012522906168,0.2487981493393257,2.3128293434200167,True,False
359,188.2742785359696,0.8169321657229371,4.22510871974258,1.1909695763225618,24.076319321121225,0.5658615366581052,0.3599823481488901,0.15423787995296853,1.4924291337568234,False,False
360,187.6682238537276,0.7457650188050691,3.5796254884469145,1.1231701285503537,24.935391576301456,0.874507579788468,0.5825427183137021,0.2680231631359881,1.648455892806829,True,False
361,190.26191344611956,-0.03813702290815088,3.3273845657412875,0.6051276027980789,25.437048034076525,0.772538606941835,0.5017972988141189,0.25121883447954324,2.6267143641679715,True,False
362,190.13995549414088,1.0251789696442246,3.4119090825072464,0.9085794961779544,25.156252441516642,0.5296864749354484,0.4843659699706873,0.26691089788111344,1.7868589328342268,True,False
363,189.94828036341363,0.04116923822962682,9.374514345023071,0.612634623749112,24.62722415367052,0.6179671960641863,0.555011435845097,0.21371534667425696,1.824835337846134,True,False
364,189.9152866561861,0.8239676493934235,5.538423540235301,0.7968433141234542,24.396012311764327,0.5885510325977326,0.5250614824257143,0.2391050677487533,1.3944402825089248,True,False
365,189.787973874119,0.1452302987395187,8.252209984101961,0.5669682168683932,25.35739312871933,0.7924212170790272,0.5488681268762561,0.2664518947247127,2.164414449334001,True,False
366,189.87637518436244,0.3291330362661952,3.068922853204169,1.168709292002125,24.506008817158328,0.9406189118920656,0.5983803782414086,0.29317990452732395,2.012810656822036,True,False
367,189.61045983149052,1.1023017464619451,4.401197078829107,0.8653643536806844,23.988189259512936,0.7924289539792561,0.4063321412568486,0.2210202631936402,3.018475578571281,False,False
368,189.4863227703157,-0.04813271297751648,2.9040883183945048,0.7122301182911609,24.31150328397377,0.7521202122177137,0.34568990086423196,0.150932741260366,3.1104378024497095,False,False
369,189.4521879608464,0.3194609102717491,3.886599185797937,0.9341105365234164,24.021950123159264,0.6916351392115991,0.5130238459716395,0.2521733268026093,1.8806290462194777,True,False
370,189.09132024789287,0.2344680708821003,5.055401500202748,0.7495559480640204,24.591999041120467,0.6121683289896573,0.4362808890555043,0.13883089967137388,1.3729558635268844,True,False
371,189.04939977274609,0.7202231037186941,6.6735896823427945,0.7383114340099357,24.612983524688715,0.8083668582889013,0.5447106945879548,0.22813800760263944,1.5457984930771014,True,False
372,191.73186018728734,0.320380796313153,2.981639839714003,0.8380308363066319,24.063441069365467,0.8191843278248312,0.4806434116735608,0.2631547594621234,2.8034914518580987,True,False
373,191.14720632544982,0.3565650284510922,3.1431413073266032,0.7220584824751889,24.23284659377184,0.5452342622476306,0.4535970567127623,0.1993187542397979,1.5864408628933009,True,False
374,191.20301776042047,1.2729537220640792,5.669492298362199,0.7618559919974469,25.4814719707845,0.5417755494789265,0.5347046621448401,0.2341470334309073,2.0110791625840485,True,False
375,190.9541153912006,0.18354447258211465,4.346237544516013,0.5229580802519772,26.343680469394823,0.5933730140881084,0.5069596967065422,0.15256382241936373,5.483066327895295,True,False
376,190.834260191765,1.2432367469093737,6.846104898874287,0.7458270951751763,24.639321033713692,0.6889309130566299,0.5651525379198256,0.26204286181624536,1.5798849402252262,True,False
377,190.81898109223062,0.33197477869868364,3.3990155598152643,2.1578210425738327,25.328441515799817,0.9204304816614796,0.8754948888052858,0.8518549549630959,2.3781188611693147,True,False
378,190.77630326828012,1.1636235956321666,3.4500065483013658,1.5260393593208723,24.960035615314755,0.7205309054617957,0.3778544655399893,0.2812089026059474,1.709636566306875,False,False
379,193.01082121632786,0.9935691703927324,4.594192469369516,0.5691330875347222,26.48433130203979,0.6202000035200145,0.4813921992553134,0.2735119122701733,5.893975588583507,True,False
380,192.86110902089771,1.1941808002548286,8.195374762277496,1.52040134107995,24.734019901434326,0.7969748649950987,0.33850560284408354,0.13774327688901805,1.6823704754472943,False,False
381,192.67624575124827,0.28123280579717624,3.5058270306866817,0.8702334665976358,25.51795105107697,0.5092273503422229,0.5151149709691029,0.22229310821647644,2.4315059812369606,True,False
382,192.42303239277786,1.0817301699953437,3.831107972835148,0.6032984277287915,26.04931949705019,0.6260923109175063,0.5185279356569082,0.1430537700542556,4.0371044093089115,True,False
383,191.99813187428987,0.3081344455123105,3.625071695143788,0.6186441167364409,25.64736670492321,0.6009121877511034,0.6192679922176303,0.3772485833889361,2.3764007160864993,True,False
384,192.1052194039919,0.5783250286159244,5.01223966509626,0.975185638797152,24.766677741158336,0.7506381649675495,0.5465277710499719,0.22152136161279887,1.4809051193934146,True,False
385,192.02605989110504,1.0260277841046783,7.7134502048845865,0.6925777391903962,24.463997941839352,0.8814161640516239,0.5859277613131633,0.2303205304499621,1.5355078289178241,True,False
386,192.1014388510141,1.027682653474551,5.5157947252717605,0.8038464760358686,24.93047788156932,0.5068139939925334,0.23451931186724256,0.052313432782542184,1.623717190244962,False,False
387,192.0263125725916,1.2209516110222558,7.46757771855138,0.5380515225792754,25.160312345248194,1.0,0.5790333600484968,0.2968493411788852,1.897503084839499,True,False
388,193.6499423758159,-0.044169685633054914,3.9161988880557854,0.5579668117221465,25.96186199780921,0.5677966705751202,0.4707070601779292,0.24269612975995056,3.2568116558758695,True,False
389,193.56008729909226,0.3767516018230441,5.3420103051066175,0.7000613976269474,24.99316898956593,0.5256106461367916,0.5473617012360875,0.2392795606304348,1.7221035051106681,True,False
390,193.46114712078656,0.5941117794463673,3.0848917803335434,1.397790529698372,24.48751775298143,0.5457001623662036,0.31772064443830106,0.2498627983438537,1.9112747323955939,False,False
391,193.31942564461983,0.5898161203394733,3.3631372242391686,0.7886755853180322,24.357481212276678,0.6143352238952369,0.5156398972431103,0.2562440895694645,1.3519674144057472,True,False
392,200.4351423927744,0.3264761345045116,4.7282216464473485,0.8264097795029873,25.747767550439953,1.0,0.7512201604521679,0.282827701999453,2.3166200476590864,True,False
393,200.32360474819282,0.3448571383459507,4.2400170115367,0.9652021107712836,24.398394224949993,0.6644159904032911,0.5745668563852064,0.26185625328694345,1.235044297104094,True,False
394,206.1868304514889,0.18205818573268712,3.0245994510796117,1.0381096003674324,24.635850119040022,0.6911394100891395,0.4678102386030829,0.1407381746861011,2.456990754173942,False,False
395,207.80739239784745,0.3711231478197489,3.1572316215781533,1.026546579217197,26.306291546860752,0.932301480617876,0.6213229354794191,0.27432239920383816,8.148044741162204,True,False
396,207.8317758818433,0.8779143176644181,3.568558775694582,0.8646939539679676,24.737177836314128,1.0,0.39111899777162,0.1994637330553088,1.4354581805641946,False,False
397,209.49591307777573,0.3092198722294168,3.9991281931816745,1.4414814701852627,25.76133755839006,0.8269353913848093,0.4263274616615013,0.17897041906449127,2.5000228956901283,False,False
398,209.9024348653763,0.7916554805498363,3.682463535885909,0.8100014567419459,24.96365160846754,0.5525675873530114,0.1995954077380061,0.08522358093856723,1.6019365733945425,False,False
399,212.4357245984462,0.013023623791729723,3.2576028753016795,1.019113731389938,24.60386581906465,0.8354418049757031,0.3223529730773756,0.1844192996900412,1.55530467903449,False,True
400,211.6529109612593,0.06526188471204783,4.248868653703966,1.679772869486984,24.143362582960272,0.5870109502554545,0.29609196785288544,0.10639269328873227,1.430798472403813,False,True
401,211.66686967535784,0.14744327325074594,3.3058862448629784,0.8870047204070162,24.589018420477128,0.5903776296920282,0.24152047864259266,0.08321933347147029,1.5115185562512297,False,True
402,211.57202505938488,0.6293534428526648,5.2861350277794585,0.8023284417401403,24.657729426963645,0.7163158371006904,0.3705936894474456,0.20941273187920934,1.4407296268783838,False,True
403,211.73488503169887,0.7861440984947259,3.652726994421647,0.9286233131792556,25.385637992545835,0.9618670352545899,0.6303192234827409,0.3001499942385191,2.0227457164121194,True,True
404,213.5183888128084,1.0881877459210572,3.0533452483633585,1.1551503374543106,24.27352612137068,0.6326395485952582,0.4276751202316516,0.17254979923241207,1.942364454334591,False,True
405,213.04906217604568,0.75190491823302,2.7893775462637342,0.9540562032804364,23.91826688297511,0.8676181233862734,0.33338930045426185,0.19225910695202608,8.512641099979128,False,True
406,214.52183046568413,0.3089538802756807,3.2914090350125043,1.5348614428583272,25.165845754832787,0.5368613059162058,0.6477857684911517,0.34307720148340265,1.925935726587567,True,True
407,214.2801638635456,1.1492245192650357,3.6017126935659616,0.7752928416924079,25.53187840378171,0.5581741838741457,0.6780229986815929,0.2998510903083633,2.2719778868074,True,True
408,216.6697345768224,0.03651064109751154,4.147854598829631,1.6278076046829388,25.729182383407327,0.4774938024611396,0.6126553619730383,0.344902480721321,2.3897705718489957,True,True
409,215.6572595763984,0.6124452681477982,3.440727102326691,0.7122295209908256,24.43519049382362,0.4005651826504888,0.29587355376197744,0.17447412667660955,1.347450481564161,False,True
410,218.30310419048118,0.9742468538827962,2.9639283125266025,1.0639773794536544,23.98096834241879,0.9783929206108768,0.3837350844023329,0.23809350701992235,5.225566613676957,False,True
411,218.21212546900452,0.18171406001339765,3.1445246212244364,0.6378666982055531,23.98753592682669,0.979764307265576,0.5245473865250654,0.28646895536072503,2.7698587208346863,True,True
412,217.52257668087654,-0.04907266574833495,3.5947396234238167,0.5259166892654972,25.862557089654242,0.4160893838361356,0.8279584931719252,0.8375501882236869,2.7931677799371903,True,True
413,217.15154194020772,0.7662142651338473,2.990987512345342,0.6199636365294109,24.40255255646935,0.9354683118354296,0.4594730797967627,0.2662315330464339,2.34378378739872,True,True
414,219.79612306504958,0.3109401995502625,3.8032803119417737,1.0347976413333515,24.67943504943925,0.5704849693902373,0.38221592302049856,0.1444991236876968,1.3465242688889967,False,True
415,218.81528109242225,0.8880312753800502,3.863579693933372,1.8031191394859605,24.40913376291143,0.6375849472496564,0.452101955303233,0.20231951087214795,1.2332868199127736,False,True
416,218.63903102909669,0.8794037383087157,3.4153688506643896,0.9294760525946782,25.138873580414074,0.7980780967534764,0.5978763655377886,0.2498454697392881,1.7520959005175842,True,True
417,218.4358523505471,0.6483492076451358,5.586139744432188,1.0063542015639697,26.229362596487928,0.6652400073321101,0.6100958142518383,0.2528326702546666,5.305004710248758,True,True
418,218.47280594683534,0.7515718164797773,2.96827402939703,0.8407401424977489,24.49103602934495,0.6682644106137398,0.6286853461612294,0.2820790052680813,2.6444366670544173,True,True
419,221.2179491996742,0.38564117807824455,3.409375451327337,0.6452379648727252,26.02720408379777,0.4210598619260222,0.6091109194624507,0.2779690172915133,4.148309105927137,True,True
420,220.73701186909713,0.280606967750863,7.146374858699256,0.5912983317007505,25.68494921649227,0.4333202337127674,0.4780736679124691,0.17008950886814048,2.8764960050861075,True,True
421,220.7241890834151,1.3681742314530256,3.3576087971860424,1.132818054316663,24.08916636342543,0.6642649560807452,0.35506785888698794,0.1550918921683031,1.4543554817525195,False,True
422,220.38648064492241,0.32426630625244834,4.613001931273637,0.6400853271352804,24.007079618387042,0.7480400667077571,0.2756770911013844,0.10164083133933786,2.557696734812285,False,True
423,220.1321149894968,0.6529675270255051,3.1894382001409056,1.2126165454756996,24.27706146039859,0.4996105972096412,0.41092777038426015,0.15450265076513642,1.4526373260005996,False,True
424,219.96195811595382,0.35305111687326923,3.079486827710857,0.9025564183771058,24.809634385928817,0.7301732252359037,0.3265917912159064,0.1112601665260293,2.381748170442063,False,True
425,221.67867222326493,0.001646691328357928,3.400692138124787,1.0567211091737176,24.672769988129055,1.0,0.3896813652271672,0.17576362896076558,1.4656187005262225,False,True
426,221.4005734181776,0.1997330724267226,3.1756583664640976,1.500142629794165,24.476879599645862,0.8015287328671991,0.3729642061564747,0.20413000426401154,1.5699218708529206,False,True
427,224.00579925676567,0.8083772469632752,3.031852523548052,0.8765556393982228,24.018190710987106,0.4364561995993465,0.4831647084036196,0.2776627100988285,3.3452593332417373,True,False
428,223.91800991391514,0.9665100345924864,3.7621511160669283,1.55480330863114,24.088547946106647,0.8627339135131922,0.26366230161468923,0.07563535234191597,1.4153454182524696,False,False
429,223.85648317626945,1.0342580517429565,3.5870923200366494,0.8261787419126709,24.674284028892327,0.7506192512787618,0.5646617337590699,0.2529590009137496,1.3779954069842812,True,False
430,223.9743674524236,1.2743289554708073,3.684412552024804,0.7866380097978759,25.26285335307721,0.8179540991587545,0.5561693525887534,0.2816870942954301,2.0084022491768665,True,False
431,223.75723853744273,1.2144087580938183,4.986275040490941,0.8344689640524788,24.00218640960957,0.9212118584068398,0.32555263189149025,0.1348525292271255,2.654958402262466,False,False
432,223.45924615550854,0.4091608107981337,3.8318596635696913,0.7479387808676571,25.31412676212473,0.6255099885259443,0.5876449159868783,0.26098681855104633,1.9743503491711847,True,True
433,223.39549835853703,0.7995670550029623,4.644764532608641,1.0550037399072736,24.16489135573709,0.8708242901692632,0.41334831315213305,0.2541586930288275,1.4737854816810017,False,True
434,223.3879532386504,0.930439953377268,4.052190117046913,0.8792682953496601,24.967699798206162,0.6420301202382923,0.5738336244642618,0.3113793299376641,1.5804193403955105,True,True
435,225.6542044018892,0.2624773174811387,3.682134803194992,1.1689895440721476,24.321786871593016,0.9335331693162284,0.4043976143207623,0.26846636667191504,1.2340749703772476,False,False
436,225.4089418354829,0.9981573516375588,3.282489112693185,1.2943127419408682,24.07299511934209,1.0,0.3911351220315705,0.20294279465095075,1.5179575364126996,False,False
437,224.9430436940202,0.7216001681928225,5.2117414923341485,0.878417118017941,25.273894478838358,0.6613240742381206,0.6211938097331124,0.2569282272648573,1.7451237627090979,True,False
438,224.81160307155528,1.3005685184314058,4.972053530760759,1.0948880931306848,25.214688701437,0.7040166110706179,0.5947103251501616,0.3322308716887898,1.7789431895285652,True,False
439,224.57263188135502,0.6894136896375436,4.3399775574689,0.8278992843269307,24.50063639205635,1.0,0.6049925429466741,0.2700736514957035,1.2683211151961191,True,False
440,224.56235277607465,0.8343020345445104,4.19379486568031,0.7349882722763792,25.227649293795306,0.7141537492994259,0.5774910497454757,0.2426647112365741,1.7672824115258317,True,False
441,224.67629553811904,1.4789547255691016,4.54649600882744,0.9751124297857692,25.415635268494892,0.941599926362695,0.5027273272956322,0.2911313786880311,1.8901042201265574,True,False
442,224.4303754686902,1.3551809463596451,4.787919882561326,0.8449868927305413,24.366878276667705,0.5531030119754954,0.3128506760808125,0.1197375517066828,1.3107288160111974,False,False
443,178.6811535770721,1.6521367249779901,3.724447356821608,1.0357607648282496,24.247454449246092,0.7347311797421667,0.3795863551201704,0.14636154820157546,1.244442404065388,False,True
444,179.34019573363773,2.0796281146025333,3.182495576275549,0.8406532426612887,24.136906222613842,0.6779348812122401,0.11235097476137323,-inf,1.4852689807941282,False,False
445,181.78810403750816,1.9006369199623872,4.18258741855833,0.8532462141300442,24.32252113835393,0.6068014698395979,0.6306114711681423,0.2575538238584528,1.2658464309666535,True,True
446,181.9092374816972,2.0818839173888843,3.0227014148750198,0.7981125031494506,24.88133001980713,0.7659557508546635,0.4624331487910515,-inf,2.953295957991267,True,False
447,181.43977652771198,1.4284469753786952,3.343797351785279,0.7065294650424206,25.38755855207713,0.8095824400178261,0.5628131774808233,0.29718721712075896,2.524504786429609,True,True
448,181.5455327214703,1.9235763274270288,4.004844178246461,0.8023614898875808,25.489163877275004,0.6217028688569133,0.2910702581131548,0.09338928335419423,2.083405793308817,False,True
449,181.3706979583505,1.6829342638406926,3.0214886168813164,0.9410900092494452,24.998500790320872,0.977052960804639,0.5611543468806345,0.2276288736255476,2.8109705101626274,True,True
450,181.1671405754895,1.64594773946423,3.277922662408331,0.8275152168400428,24.754500082696875,0.9975477773140478,0.6245436508038806,0.2466666928546276,1.6112824413080213,True,True
451,181.06602558667458,1.7787870076533876,3.844506652331416,1.334489880780585,24.12664272313762,0.6827376581144697,0.6204913121775711,0.25394963478394705,1.3198079938289804,True,True
452,181.20479264653838,1.8530779877993515,4.167245169128514,0.9583366818259074,24.763745065959768,0.8418376095373766,0.6360439257948212,0.3083164545318786,1.3250957181883931,True,True
453,181.18980647468769,1.8935489795803717,3.2089022363857795,0.8629329967470182,24.416321198554677,0.5788259774544082,0.538839957267936,0.19442834866848133,1.4459525672110773,True,True
454,180.9235732012245,1.9325965389289248,7.710430054311078,1.2179345745826988,25.22942128880712,0.7530235715515943,0.6170964378522886,0.2962666185197973,1.9747531049704705,True,True
455,180.65423539059643,1.5074553855928048,6.126635990311288,0.8663689969860568,25.287873904990626,0.5363698052252716,0.5389987691627086,0.2509511824105021,2.13322426405312,True,True
456,180.6822750313369,2.0968288711813696,3.0152383855268834,1.0466040398576597,24.242808569379434,0.395347942863139,0.6051429155768474,0.29058886439381937,2.1381782243075587,True,False
457,189.24392495424613,1.7386069066014211,3.1023214422724146,0.9642340403566856,24.216787580994357,0.5700349588895632,0.6014555333509777,0.25890604912213,1.7332269126038653,True,False
458,188.12710536955217,1.7102050612511317,3.8905504190534783,0.6970942998082617,25.42895747441698,0.6417192236593914,0.4950100941868884,0.2400290819372261,1.98591336043023,True,False
459,190.68315864507625,1.559717289864171,6.306328944506731,0.6864176057708125,26.572078522809022,0.4483945478465973,0.5479191542621251,0.3186838334171146,7.852086134141301,True,False
460,190.22121213867524,1.5482241676372364,3.4684127505359545,0.6086115531605041,24.727594373058754,0.7147594120478967,0.5466057429071736,0.2658926283631857,1.4776004501690472,True,False
461,190.171842190284,1.5922784889178605,4.02146400587304,1.121701018664396,26.046360584883328,0.8887903868015671,0.5136631161507407,0.2839503360835519,4.095369789553461,True,False
462,191.83056657357707,1.7627901078727464,3.9101527365038113,0.6217464306710835,25.334876672105576,0.4965890078060665,0.5205209429216726,0.3193661349155031,1.9564803800980728,True,False
463,191.73528566062612,1.6698634493391196,6.686733743572588,0.5797137397879939,26.322313413539405,0.9311584873825262,0.447461379903214,0.2417910494663929,4.31785648147904,True,False
464,191.4882278985135,1.5980575573580835,3.2412226451601787,1.3734225063536722,24.470330485887146,0.6630195362989396,0.3573386815738032,-inf,1.463667082719246,False,False
465,191.4902866442013,1.90146143641211,2.925252790874912,0.7444771500798926,26.11871083309586,0.476184246966397,0.5392334118523959,0.030326347648726926,10.175383138175302,True,False
466,191.40038168300774,1.5716567943194568,5.842354177344003,0.6950679039734202,25.061294090574236,0.6789959796632173,0.5381711305422459,0.2184161160875066,1.8451043992026113,True,False
467,193.46878905031159,1.4241326045089662,3.8635973871878613,0.7066085340191016,24.58758007742003,0.7835413534920292,0.4979519997173826,0.2626113702118319,1.2847142607785917,True,False
468,193.44742843339816,1.6990881744104802,6.597377344285573,0.7053851365255948,24.71409197668002,0.8443815024477161,0.5757798759753876,,1.6416628392261166,True,False
469,208.6992758269845,1.6077645295429268,5.476027001923064,1.6499552715271213,24.76519821134393,0.781173980886766,0.3585123448667191,0.18594730008691407,1.5030889671336891,False,False
470,214.6390169229897,1.968697903577974,3.2658326659743966,1.0885077606815492,24.148204240856323,0.7983216732635984,0.6420770609054605,0.27612950217743604,1.398377704567432,True,True
471,214.45366520568908,2.077252235906741,3.2252522853558845,1.2482571713539832,24.65634288823629,1.0,0.5847816243857071,-inf,1.599607785042854,True,True
472,213.37826214060811,1.950286493154348,3.0682321541369806,1.4044840254583717,24.0238895287713,0.5656839742010575,0.33548428957112325,0.16291187245468902,2.7688027258060908,False,True
473,216.96728996416562,1.7084734105018982,3.4466044047975517,1.5089790346051617,24.010256580685358,0.6651318752745788,0.4377877797975098,0.2265549839483649,2.0981042297237433,False,True
474,222.14730312094207,1.4378717895919313,3.2871956030286964,0.926775840522446,24.161332658922877,0.6354560583584201,0.5044145947773607,0.2326862873898448,1.3847402064538392,True,True
475,221.90505668043755,1.5655463011861863,3.167144280143805,1.4816674770736122,24.107009530447396,1.0,0.3468847920877083,0.21585533224097625,1.5352109130440905,False,True
476,221.03505608078186,1.6532719805019096,4.586841472159566,0.6399065787891494,25.467946805272106,0.7332201166534742,0.4870691612898676,0.2608185569098647,1.9980538686987346,True,True
477,222.5766518390873,1.920126589952717,4.191655512551773,0.988591845224389,24.384693966665484,0.6850510038268478,0.3150747241957832,0.07979253691839354,1.238530423738475,False,True
478,224.3730357943214,1.5156514118617337,3.5075808063301874,0.9458738805874024,24.235231198897747,0.7147918859498155,0.4743147918499088,0.2028155405002832,1.2656611152719373,True,False
